Name,Nom,Publication date,Platforms,Short description,Courte description,Long description,Longue description,Published by,Publié par,Department,Ministère,Download links,Téléchargements,icon
"How Canadian are you, eh?",Dans quelle mesure êtes-vous Canadien?,2013/12/01,iOS; Android; Blackberry,"How much do you know about Canada? Test your knowledge with the official Immigration, Refugees and Citizenship Canada application aptly named ‘How Canadian are you, Eh?’","« Que savez-vous du Canada? » Testez vos connaissances à l'aide de l'application de Immigration, Réfugiés, et Citoyenneté Canada appelée « Dans quelle mesure êtes-vous Canadien ou Canadienne? »","How much do you know about Canada? Test your knowledge with the official Immigration, Refugees and Citizenship Canada application aptly named ‘How Canadian are you, Eh?’ Each time you take the quiz 20 random questions are pulled from a collection of over 120 Canadian themed, skill-testing questions. Take the quiz, share your results, and challenge friends and family to see if they can beat your score! The ‘How Canadian are you, Eh?’ app features integrated Facebook and Twitter share functionality as well as a detailed review system so that you can see which questions were answered correctly, and incorrectly. The real question is… How Canadian are you, Eh?","« Que savez-vous du Canada? » Testez vos connaissances à l'aide de l'application de Immigration, Réfugiés, et Citoyenneté Canada appelée « Dans quelle mesure êtes-vous Canadien ou Canadienne? ». Chaque fois que vous participez au jeu-questionnaire, 20 questions d'habiletés choisies au hasard parmi la série de plus de 120 questions sur le Canada vous sont posées. Participez, échangez vos résultats avec vos amis et les membres de votre famille et mettez-les au défi de battre votre score! Les applications du jeu-questionnaire « Dans quelle mesure êtes-vous Canadien ou Canadienne? » sont intégrées à Facebook et à Twitter, de même qu'à un système comprenant les détails de vos essais. Vous pouvez donc connaître les questions auxquelles vous avez répondu correctement et incorrectement. La vraie question est « Dans quelle mesure êtes-vous Canadien ou Canadienne? »","Immigration, Refugees and Citizenship Canada","Immigration, Réfugiés, et Citoyenneté Canada","Immigration, Refugees and Citizenship Canada","Immigration, Réfugiés, et Citoyenneté Canada",Download for iOS iPhone / iPod Touch (English): https://itunes.apple.com/ca/app/how-canadian-are-you-eh/id413663471?mt=8 | Download for Android SmartPhone (English): https://play.google.com/store/apps/details?id=com.prologinc.quizapp&hl=en | Download for Blackberry (English): http://appworld.blackberry.com/webstore/content/23998/?lang=en&countrycode=CA | Download for iOS iPhone / iPod Touch ( Français ): http://itunes.apple.com/ca/app/how-canadian-are-you-eh/id413663471?mt=8&l=fr | Download for Android SmartPhone ( Français ): https://play.google.com/store/apps/details?id=com.prologinc.quizapp&hl=fr | Download for Blackberry ( Français ): http://appworld.blackberry.com/webstore/content/23998/?lang=fr&countrycode=CA,Télécharger pour iOS iPhone / iPod Touch (Français): http://itunes.apple.com/ca/app/how-canadian-are-you-eh/id413663471?mt=8&l=fr | Télécharger pour Android SmartPhone (Français): https://play.google.com/store/apps/details?id=com.prologinc.quizapp&hl=fr | Télécharger pour Blackberry (Français): http://appworld.blackberry.com/webstore/content/23998/?lang=fr&countrycode=CA | Télécharger pour iOS iPhone / iPod Touch ( English ): https://itunes.apple.com/ca/app/how-canadian-are-you-eh/id413663471?mt=8 | Télécharger pour Android SmartPhone ( English ): https://play.google.com/store/apps/details?id=com.prologinc.quizapp&hl=en | Télécharger pour Blackberry ( English ): http://appworld.blackberry.com/webstore/content/23998/?lang=en&countrycode=CA,icons/e65dc8882866395369ab.png
NFB Films,Films de l’ONF,2013/12/01,iOS; Android,"Watch over 6,000 documentaries, animations and feature films for free.","Visionnez plus de 6 000 documentaires, animations et longs métrages gratuitement.","With the NFB Films app, you can watch over 6000 movies – documentaries, animations and trailers. FEATURES: WATCH over 6000 NFB movies on your mobile device Pre-load films to WATCH LATER. Store films for up to 48 hours for off-line viewing SEARCH the NFB collection. CHANNELS – Browse films by channel/subject. Kids' channel with fun and educational content for children SHARE – share your discoveries with your friends by email, on Twitter or Facebook.","Avec l’application Films de l’ONF, vous avez accès gratuitement à plus de 6 000 documentaires, animations et fictions. CARACTÉRISTIQUES : VISIONNEZ plus de 6 000 films sur votre appareil mobile. VISIONNEZ PLUS TARD – Préchargez des films pour les visionner plus tard. Sauvegardez des films jusqu’à 48 heures pour les visionner hors-ligne. RECHERCHEZ dans l’ensemble de notre collection. CHAÎNES – Découvrez des nouveaux films à travers nos chaines et catégories. Sélection amusante et éducative pour enfants. PARTAGEZ vos découvertes avec vos amis sur Twitter, Facebook ou par courriel.",National Film Board of Canada,Office national du film du Canada,National Film Board of Canada,Office national du film du Canada,Download for iOS iPhone / iPod Touch (English): https://itunes.apple.com/ca/app/nfb-films/id329353638?mt=8 | Download for iOS iPad (English): https://itunes.apple.com/ca/app/nfb-films-for-ipad/id378813687?mt=8 | Download for Android SmartPhone (English): https://play.google.com/store/apps/details?id=com.nitobi.nfb&hl=en | Download for iOS iPhone / iPod Touch ( Français ): https://itunes.apple.com/fr/app/id329353638?mt=8 | Download for iOS iPad ( Français ): https://itunes.apple.com/fr/app/films-de-lonf-pour-le-ipad/id378813687?mt=8 | Download for Android SmartPhone ( Français ): https://play.google.com/store/apps/details?id=com.nitobi.nfb&hl=fr,Télécharger pour iOS iPhone / iPod Touch (Français): https://itunes.apple.com/fr/app/id329353638?mt=8 | Télécharger pour iOS iPad (Français): https://itunes.apple.com/fr/app/films-de-lonf-pour-le-ipad/id378813687?mt=8 | Télécharger pour Android SmartPhone (Français): https://play.google.com/store/apps/details?id=com.nitobi.nfb&hl=fr | Télécharger pour iOS iPhone / iPod Touch ( English ): https://itunes.apple.com/ca/app/nfb-films/id329353638?mt=8 | Télécharger pour iOS iPad ( English ): https://itunes.apple.com/ca/app/nfb-films-for-ipad/id378813687?mt=8 | Télécharger pour Android SmartPhone ( English ): https://play.google.com/store/apps/details?id=com.nitobi.nfb&hl=en,icons/a3a8b5843ee7c3c19510.png
PTSD Coach Canada,Coach ESPT Canada,2013/12/01,iOS; Android,PTSD Coach Canada can help you learn about and manage symptoms that can occur after trauma.,L'application Coach ESPT Canada peut vous aider à mieux connaître et à gérer les symptômes qui peuvent survenir après avoir vécu un traumatisme.,"The PTSD Coach Canada app can help you learn about and manage symptoms that can occur after trauma. Features include: Reliable information on PTSD and treatments that work Tools for screening and tracking your symptom Convenient, easy-to-use tools to help you handle stress symptoms Direct links to support and help Always with you when you need it",L'application Coach ESPT Canada peut vous aider à mieux connaître et à gérer les symptômes qui peuvent survenir après avoir vécu un traumatisme. Voici certaines caractéristiques : Renseignements fiables sur l'ESPT et les traitements qui fonctionnent. Outils pour le dépistage et le suivi de vos symptômes. Outils conviviaux et faciles à utiliser qui vous aident à gérer vos symptômes de stress. Liens directs où vous pouvez trouver du soutien et de l'aide. Toujours avec vous lorsque vous en avez besoin.,Veterans Affairs Canada,Anciens Combattants Canada,Veterans Affairs Canada,Anciens Combattants Canada,Download for iOS iPhone / iPod Touch (English): https://itunes.apple.com/us/app/ptsd-coach-canada/id616851357?ls=1&mt=8 | Download for Android SmartPhone (English): https://play.google.com/store/apps/details?id=ca.gc.veterans.ptsd.ptsdcoach&feature=search_result&hl=en | Download for iOS iPhone / iPod Touch ( Français ): https://itunes.apple.com/fr/app/ptsd-coach-canada/id616851357?ls=1&mt=8 | Download for Android SmartPhone ( Français ): https://play.google.com/store/apps/details?id=ca.gc.veterans.ptsd.ptsdcoach&feature=search_result&hl=fr,Télécharger pour iOS iPhone / iPod Touch (Français): https://itunes.apple.com/fr/app/ptsd-coach-canada/id616851357?ls=1&mt=8 | Télécharger pour Android SmartPhone (Français): https://play.google.com/store/apps/details?id=ca.gc.veterans.ptsd.ptsdcoach&feature=search_result&hl=fr | Télécharger pour iOS iPhone / iPod Touch ( English ): https://itunes.apple.com/us/app/ptsd-coach-canada/id616851357?ls=1&mt=8 | Télécharger pour Android SmartPhone ( English ): https://play.google.com/store/apps/details?id=ca.gc.veterans.ptsd.ptsdcoach&feature=search_result&hl=en,icons/22311af7aa40f8db1181.png
OSI Connect,Connexion TSO,2013/12/01,iOS; Android; Blackberry,OSI Connect is a free mental health learning and self-management mobile app developed to help OSI patients and their families understand the nature of operational stress injuries (OSIs).,Connexion TSO est une application mobile gratuite d'autogestion et d'apprentissage en santé mentale conçue pour aider les personnes atteintes de traumatismes liés au stress opérationnel (TSO) et leurs familles à comprendre la nature des TSO.,"OSI Connect is a free mental health learning and self-management mobile app developed to help OSI patients and their families understand the nature of operational stress injuries (OSIs) and to provide help through the OSI Clinic Network across Canada. The resources on OSI Connect address challenges including post-traumatic stress and triggers, depression, anger, sleep problems, substance abuse, stress management and more. Developed by the Royal Ottawa OSI Clinic with the support of Veterans Affairs Canada, this app is compatible with iPhone, iPad, iPod, BlackBerry and Android devices. OSI Connect is a regularly updated, information rich, interactive mobile application. There are assessments, videos and clear information for Veterans and others with an OSI, including how to get an OSI clinic appointment.","Connexion TSO est une application mobile gratuite d'autogestion et d'apprentissage en santé mentale conçue pour aider les personnes atteintes de traumatismes liés au stress opérationnel (TSO) et leurs familles à comprendre la nature des TSO ainsi que pour leur fournir un soutien par l'entremise du réseau de cliniques TSO au Canada. Connexion TSO offre des ressources pour aider à surmonter les défis qui ont trait au stress post-traumatique et aux facteurs déclencheurs, à la dépression, à la colère, aux troubles du sommeil, à l'abus de substances, à la gestion du stress, et plus encore. L'application Connexion TSO, qui a été élaborée par la clinique TSO Royal Ottawa – avec l'appui d'Anciens Combattants Canada – pour les appareils iPhone, iPad, iPod, BlackBerry et Android, est mise à jour régulièrement, riche en renseignements et interactive. Elle comprend des évaluations, des vidéos et des renseignements clairs pour les vétérans et les autres personnes atteintes de TSO, notamment sur la façon d'obtenir un rendez-vous à une clinique TSO.",Veterans Affairs Canada,Anciens Combattants Canada,Veterans Affairs Canada,Anciens Combattants Canada,Download for iOS iPhone / iPod Touch (English): https://itunes.apple.com/app/osi-connect-osi-clinic-network/id638446154?ls=1&mt=8 | Download for Android SmartPhone (English): https://play.google.com/store/apps/details?id=com.purpleforge.osiconnect&feature=search_result&hl=en | Download for Blackberry (English): http://appworld.blackberry.com/webstore/content/28025378/ | Download for iOS iPhone / iPod Touch ( Français ): https://itunes.apple.com/fr/app/osi-connect-osi-clinic-network/id638446154?ls=1&mt=8 | Download for Android SmartPhone ( Français ): https://play.google.com/store/apps/details?id=com.purpleforge.osiconnect&feature=search_result&hl=fr | Download for Blackberry ( Français ): http://appworld.blackberry.com/webstore/content/28025378/?lang=fr,Télécharger pour iOS iPhone / iPod Touch (Français): https://itunes.apple.com/fr/app/osi-connect-osi-clinic-network/id638446154?ls=1&mt=8 | Télécharger pour Android SmartPhone (Français): https://play.google.com/store/apps/details?id=com.purpleforge.osiconnect&feature=search_result&hl=fr | Télécharger pour Blackberry (Français): http://appworld.blackberry.com/webstore/content/28025378/?lang=fr | Télécharger pour iOS iPhone / iPod Touch ( English ): https://itunes.apple.com/app/osi-connect-osi-clinic-network/id638446154?ls=1&mt=8 | Télécharger pour Android SmartPhone ( English ): https://play.google.com/store/apps/details?id=com.purpleforge.osiconnect&feature=search_result&hl=en | Télécharger pour Blackberry ( English ): http://appworld.blackberry.com/webstore/content/28025378/,icons/8245d9ad1ec6571b305e.png
Canadian Guidelines on Sexually Transmitted Infections,Lignes directrices canadiennes sur les infections transmissibles sexuellement,2015/04/24,iOS; Android,"If you are a health professional, you will want to download our new Canadian Guidelines on Sexually Transmitted Infections mobile app.","Si vous êtes un professionnel de la santé, vous pourrez télécharger notre nouvelle application mobile comprenant les Lignes directrices canadiennes sur les infections transmissibles sexuellement.","This easy-to-use app was created using key Public Health Agency of Canada resources, including: Canadian Guidelines on Sexually Transmitted Infections HIV Screening and Testing Guide Primary Care Management of Hepatitis B – Quick Reference The app contains recommendations for the management of antibiotic resistant gonorrhea. The app is intended to be used by health professionals. For general information on STIs, visit our website .","Cette application facile à utiliser a été créée en utilisant des ressources clés de l'Agence de la santé publique du Canada, incluant : Lignes directrices canadiennes sur les infections transmissibles sexuellement Guide pour le dépistage et le diagnostic de l'infection par le VIH Soins primaires de l'hépatite B - Aide-mémoire Cette application contient des recommandations visant la gestion de la gonorrhée antibio-résistante. Cette application devrait être utilisée par des professionnels de la santé. Pour trouverez des renseignements généraux sur les ITS en consultant notre site Web .",Public Health Agency of Canada,Agence de la santé publique du Canada,Public Health Agency of Canada,Agence de la santé publique du Canada,Download for iOS iPad (English): https://itunes.apple.com/ca/app/canadian-guidelines-on-sexually/id958263397?mt=8 | Download for Android SmartPhone (English): https://play.google.com/store/apps/details?id=ca.gc.hcsc.sti | Download for iOS iPad ( Français ): https://itunes.apple.com/ca/app/lignes-directrices-canadiennes/id958263397?l=fr&mt=8 | Download for Android SmartPhone ( Français ): https://play.google.com/store/apps/details?id=ca.gc.hcsc.sti&hl=fr,Télécharger pour iOS iPad (Français): https://itunes.apple.com/ca/app/lignes-directrices-canadiennes/id958263397?l=fr&mt=8 | Télécharger pour Android Tablet (Français): https://play.google.com/store/apps/details?id=ca.gc.hcsc.sti&hl=fr | Télécharger pour iOS iPad ( English ): https://itunes.apple.com/ca/app/canadian-guidelines-on-sexually/id958263397?mt=8 | Télécharger pour Android Tablet ( English ): https://play.google.com/store/apps/details?id=ca.gc.hcsc.sti,icons/360270fc47f6a4bd35de.png
Pesticide Labels,Étiquettes de pesticides,2016/01/27,iOS; Android; Amazon,Mobile version of PMRA's Label Search. Search and download registered pesticide labels.,Version mobile du moteur de recherche des étiquettes de l’ARLA. Chercher et télécharger les étiquettes des pesticides homologués.,"This app allows users to search for labels registered for use in Canada by Health Canada's Pest Management Regulatory Agency (PMRA). Users can search by: Product Name Active Ingredient Registrant Name Full Label Contents The results will provide details about the product, along with a PDF version of the label. Users can save their searches, as well as download the labels as 'Favourites' for offline access.","Cette application permet aux usagers de faire une recherche dans les étiquettes homologuées à des fins d’utilisation au Canada par l’ARLA de Santé Canada. Les usagers peuvent faire une recherche par : Nom du produit Matière active Nom du titulaire Contenus complets de l’étiquette Les résultats fourniront des détails au sujet du produit, de même qu’une version PDF de l’étiquette. Les usagers peuvent sauvegarder les résultats de leurs recherches ainsi que télécharger les étiquettes en tant que « Favoris » à des fins de consultation hors ligne.",Health Canada,Santé Canada,Health Canada,Santé Canada,Download for iOS iPhone / iPod Touch (English): https://itunes.apple.com/ca/app/pesticide-labels/id1063815307?mt=8 | Download for Android SmartPhone (English): https://play.google.com/store/apps/details?id=ca.gc.hcsc.pmra&hl=en | Download for Android SmartPhone (Amazon) (English): http://www.amazon.ca/Pesticide-Labels-%C3%89tiquettes-de-pesticides/dp/B01AKDK7WW/ | Download for iOS iPhone / iPod Touch ( Français ): https://itunes.apple.com/ca/app/pesticide-labels/id1063815307?mt=8&l=fr | Download for Android SmartPhone ( Français ): https://play.google.com/store/apps/details?id=ca.gc.hcsc.pmra&hl=fr | Download for Android SmartPhone (Amazon) ( Français ): http://www.amazon.fr/Pesticide-Labels-%C3%89tiquettes-de-pesticides/dp/B01AKDK7WW/,Télécharger pour iOS iPhone / iPod Touch (Français): https://itunes.apple.com/ca/app/pesticide-labels/id1063815307?mt=8&l=fr | Télécharger pour Android SmartPhone (Français): https://play.google.com/store/apps/details?id=ca.gc.hcsc.pmra&hl=fr | Télécharger pour Android SmartPhone (Amazon) (Français): http://www.amazon.fr/Pesticide-Labels-%C3%89tiquettes-de-pesticides/dp/B01AKDK7WW/ | Télécharger pour iOS iPhone / iPod Touch ( English ): https://itunes.apple.com/ca/app/pesticide-labels/id1063815307?mt=8 | Télécharger pour Android SmartPhone ( English ): https://play.google.com/store/apps/details?id=ca.gc.hcsc.pmra&hl=en | Télécharger pour Android SmartPhone (Amazon) ( English ): http://www.amazon.ca/Pesticide-Labels-%C3%89tiquettes-de-pesticides/dp/B01AKDK7WW/,icons/7536a28830bbc42145a6.png
CBSA CanBorder,FrontièreCan de l' ASFC,2016/05/19,iOS; Android; Amazon; Blackberry,"The CanBorder app provides estimated wait times at select ports of entry in Canada and the United States. In addition to current wait times listed by port, you’ll also find forecasted wait times, based on historical data, trends and patterns.","L’application Frontièrecan vous offre les temps d’attente prévus aux principaux points d’entrée au Canada et aux États-Unis. En plus des temps d’attente actuels aux points d’entrée, vous pouvez consulter les prévisions des temps d’attente fondées sur les données et les tendances historiques.","Having land border wait times at your fingertips helps you make an informed decision about where and when to cross the border. The CanBorder app provides estimated wait times at select ports of entry in Canada and the United States. In addition to current wait times listed by port, you’ll also find forecasted wait times, based on historical data, trends and patterns. Short on time? Use the trip planner function to generate an estimated best day, time and port of entry at which to cross the border, along with turn by turn directions to get you there. The CanBorder app is a free service provided by the Canada Border Services Agency.","Avec les temps d’attente à la frontière terrestre à portée de la main, vous pouvez décider de façon éclairée où et quand passer la frontière. L’application Frontièrecan vous offre les temps d’attente prévus aux principaux points d’entrée au Canada et aux États-Unis. En plus des temps d’attente actuels aux points d’entrée, vous pouvez consulter les prévisions des temps d’attente fondées sur les données et les tendances historiques. Le temps presse? Utilisez le planificateur de voyage pour obtenir une estimation de l’itinéraire idéal, y compris la date, l’heure et le point d’entrée où passer la frontière, ainsi que des directives détaillées pour vous y rendre. L’application Frontièrecan est un service gratuit offert par l’Agence des services frontaliers du Canada.",Canada Border Services Agency,Agence des services frontaliers du Canada,Canada Border Services Agency,Agence des services frontaliers du Canada,Download for iOS iPhone / iPod Touch (English): https://geo.itunes.apple.com/ca/app/cbsa-canborder/id1110491634?mt=8 | Download for iOS iPad (English): https://geo.itunes.apple.com/ca/app/cbsa-canborder/id1110491634?mt=8 | Download for Android SmartPhone (English): https://play.google.com/store/apps/details?id=ca.gc.cbsa.canborder.bwt&hl=en | Download for Android SmartPhone (Amazon) (English): https://www.amazon.ca/Canada-Border-Services-Agency-CanBorder/dp/B01FIB3L10/ref=sr_marpr_1?s=mobile-apps&ie=UTF8&qid=1463544977&sr=1-1&keywords=canborder | Download for Blackberry (English): http://appworld.blackberry.com/webstore/content/59994024 | Download for iOS iPhone / iPod Touch ( Français ): https://itunes.apple.com/ca/app/cbsa-canborder/id1110491634?mt=8&l=fr | Download for iOS iPad ( Français ): https://itunes.apple.com/ca/app/cbsa-canborder/id1110491634?mt=8&l=fr | Download for Android SmartPhone ( Français ): https://play.google.com/store/apps/details?id=ca.gc.cbsa.canborder.bwt&hl=fr | Download for Android SmartPhone (Amazon) ( Français ): https://www.amazon.ca/Canada-Border-Services-Agency-CanBorder/dp/B01FIB3L10/ref=sr_marpr_1?s=mobile-apps&ie=UTF8&qid=1463544977&sr=1-1&keywords=canborder&language=fr_CA | Download for Blackberry ( Français ): https://appworld.blackberry.com/webstore/content/59994024/?countrycode=CA&lang=fr,Télécharger pour iOS iPhone / iPod Touch (Français): https://itunes.apple.com/ca/app/cbsa-canborder/id1110491634?mt=8&l=fr | Télécharger pour iOS iPad (Français): https://itunes.apple.com/ca/app/cbsa-canborder/id1110491634?mt=8&l=fr | Télécharger pour Android SmartPhone (Français): https://play.google.com/store/apps/details?id=ca.gc.cbsa.canborder.bwt&hl=fr | Télécharger pour Android SmartPhone (Amazon) (Français): https://www.amazon.ca/Canada-Border-Services-Agency-CanBorder/dp/B01FIB3L10/ref=sr_marpr_1?s=mobile-apps&ie=UTF8&qid=1463544977&sr=1-1&keywords=canborder&language=fr_CA | Télécharger pour Blackberry (Français): https://appworld.blackberry.com/webstore/content/59994024/?countrycode=CA&lang=fr | Télécharger pour iOS iPhone / iPod Touch ( English ): https://geo.itunes.apple.com/ca/app/cbsa-canborder/id1110491634?mt=8 | Télécharger pour iOS iPad ( English ): https://geo.itunes.apple.com/ca/app/cbsa-canborder/id1110491634?mt=8 | Télécharger pour Android SmartPhone ( English ): https://play.google.com/store/apps/details?id=ca.gc.cbsa.canborder.bwt&hl=en | Télécharger pour Android SmartPhone (Amazon) ( English ): https://www.amazon.ca/Canada-Border-Services-Agency-CanBorder/dp/B01FIB3L10/ref=sr_marpr_1?s=mobile-apps&ie=UTF8&qid=1463544977&sr=1-1&keywords=canborder | Télécharger pour Blackberry ( English ): http://appworld.blackberry.com/webstore/content/59994024,icons/621a9e5fb62e78f5a8f8.png
My Tree,Mon Arbre,2016/09/23,iOS; Android; Blackberry,My Tree provides a list of selected trees of Canada and their hardiness zones to allow Canadians to choose a suitable tree for their environment.,"Mon Arbre contient une sélection d’arbres du Canada et de leurs zones de rusticité, en vue de permettre à la population canadienne de choisir l’arbre qui convient à son environnement.","My Tree provides a list of selected trees of Canada and their hardiness zones to allow Canadians to choose a suitable tree for their environment. This application allows users to identify their Canadian hardiness zone using their mobile device’s GPS or manually via a touch screen and determine which native and introduced trees are adapted to the climate in their location and other hardiness zones within Canada. Users can access photos, illustrations, and basic information on each tree profiled in the application. Version 1.5 includes an additional 92 introduced species, giving Canadians a larger selection of trees to plant. There are also more colour photos and new filter options to help users find their ideal trees.","Mon Arbre contient une sélection d’arbres du Canada et de leurs zones de rusticité, en vue de permettre à la population canadienne de choisir l’arbre qui convient à son environnement. Cette application permet aux utilisateurs d'identifier leur zone de rusticité canadienne en utilisant le GPS de leur appareil mobile ou manuellement au moyen d’un écran tactile et de déterminer quels arbres sont adaptés au climat dans leur emplacement et d'autres zones de rusticité au Canada. Les utilisateurs peuvent accéder à des photos, des illustrations et des informations de base sur chaque arbre profilé dans l'application. La version 1.5 comprend 92 espèces exotiques supplémentaires, ce qui offre aux Canadiens une plus large sélection d’arbres qu’ils pourraient planter. Il y a également plus de photos en couleur et de nouvelles options de filtre afin d’aider les utilisateurs à trouver les arbres idéaux.",Natural Resources Canada,Ressources Naturelles Canada,Natural Resources Canada,Ressources Naturelles Canada,Download for iOS iPhone / iPod Touch (English): https://itunes.apple.com/ca/app/my-tree/id1153592945?l=en&mt=8 | Download for iOS iPad (English): https://itunes.apple.com/ca/app/my-tree/id1153592945?l=en&mt=8 | Download for Android SmartPhone (English): https://play.google.com/store/apps/details?id=ca.gc.nrcan.mytree&hl=en | Download for Blackberry (English): https://appworld.blackberry.com/webstore/content/59998824/?lang=en&countrycode=CA | Download for iOS iPhone / iPod Touch ( Français ): https://itunes.apple.com/ca/app/mon-arbre/id1153411718?l=fr&mt=8 | Download for iOS iPad ( Français ): https://itunes.apple.com/ca/app/mon-arbre/id1153411718?l=fr&mt=8 | Download for Android SmartPhone ( Français ): https://play.google.com/store/apps/details?id=ca.gc.nrcan.mytree&hl=fr | Download for Blackberry ( Français ): https://appworld.blackberry.com/webstore/content/59998824/?lang=fr&countrycode=CA,Télécharger pour iOS iPhone / iPod Touch (Français): https://itunes.apple.com/ca/app/mon-arbre/id1153411718?l=fr&mt=8 | Télécharger pour iOS iPad (Français): https://itunes.apple.com/ca/app/mon-arbre/id1153411718?l=fr&mt=8 | Télécharger pour Android SmartPhone (Français): https://play.google.com/store/apps/details?id=ca.gc.nrcan.mytree&hl=fr | Télécharger pour Blackberry (Français): https://appworld.blackberry.com/webstore/content/59998824/?lang=fr&countrycode=CA | Télécharger pour iOS iPhone / iPod Touch ( English ): https://itunes.apple.com/ca/app/my-tree/id1153592945?l=en&mt=8 | Télécharger pour iOS iPad ( English ): https://itunes.apple.com/ca/app/my-tree/id1153592945?l=en&mt=8 | Télécharger pour Android SmartPhone ( English ): https://play.google.com/store/apps/details?id=ca.gc.nrcan.mytree&hl=en | Télécharger pour Blackberry ( English ): https://appworld.blackberry.com/webstore/content/59998824/?lang=en&countrycode=CA,icons/fe6732bb7bac085cc3a0.png
Canadian Armed Forces App,L'application mobile des Forces armées canadiennes,2017/08/29,iOS; Android,"The CAF App now offers in-app browser support for links in the 'Resources' and 'Home' tabs. Additionally, a new offline feature allows you to access your loaded CANFORGENS and messages without an internet connection.","L’appli des FAC renferme désormais un navigateur intégré pour accéder aux liens dans les sections « Ressources » et « Accueil ». De plus, une nouvelle fonctionnalité hors ligne vous permet d’accéder aux CANFORGEN et aux messages téléchargés sans avoir besoin d’une connexion Internet.","The CAF App allows you to view and share the latest CANFORGENS and updates from CAF leadership. It keeps military and civilian employees up to date with the latest news, orders and directives and allows you to access a variety of CAF resources, including Defence Ethics, Conduct and Culture change, health, pay and pension services.","L’appli des FAC vous permet aussi de consulter et de transmettre les CANFORGEN les plus récents et les mises à jour de la direction des FAC. Grâce à elle, les militaires et les employés civils peuvent se tenir au fait des nouvelles, des ordres et des directives, tout en ayant accès à une gamme de ressources des FAC portant notamment sur l’éthique de la Défense, la conduite et le changement de culture, la santé, ainsi que les services de rémunération et de pension.",National Defence and the Canadian Armed Forces,Défense nationale et les Forces armées canadiennes,National Defence and the Canadian Armed Forces,Défense nationale et les Forces armées canadiennes,Download for iOS (English): https://apps.apple.com/ca/app/canadian-forces/id1125442156 | Download for Android (English): https://play.google.com/store/apps/details?id=ca.forces.dnd.caf | Download for iOS ( Français ): https://apps.apple.com/ca/app/forces-canadiennes/id1125442156?l=fr-CA | Download for Android ( Français ): https://play.google.com/store/apps/details?id=ca.forces.dnd.caf&hl=fr,Télécharger pour iOS (Français): https://apps.apple.com/ca/app/forces-canadiennes/id1125442156?l=fr-CA | Télécharger pour Android (Français): https://play.google.com/store/apps/details?id=ca.forces.dnd.caf&hl=fr | Télécharger pour iOS ( English ): https://apps.apple.com/ca/app/canadian-forces/id1125442156 | Télécharger pour Android ( English ): https://play.google.com/store/apps/details?id=ca.forces.dnd.caf,icons/b5fed1ee1ef4b26f6722.png
Respect in the CAF,Respect dans les Forces armées canadiennes,2017/08/29,iOS; Android,"The Respect in the Canadian Armed Forces app provides support and guidance to victims of sexual misconduct, bystanders, and those in a position of leadership.","L’application Respect dans les Forces armées canadiennes offre du soutien et des conseils aux victimes d’inconduite sexuelle, aux témoins et aux personnes qui occupent un poste de dirigeant.","The Respect in the Canadian Armed Forces app provides support and guidance to victims of sexual misconduct, bystanders, and those in a position of leadership. The app is available for free on Android, iOS and Blackberry app stores. Users will find step by step information on how to support a victim of sexual misconduct and ensure their safety. The app can also offer the location of and directions to the closest military and civilian resources by using your mobile’s location, while still protecting your privacy and confidentiality.","L’application Respect dans les Forces armées canadiennes offre du soutien et des conseils aux victimes d’inconduite sexuelle, aux témoins et aux personnes qui occupent un poste de dirigeant. L’application est offerte gratuitement dans les boutiques d’applications Android, iOS et BlackBerry. Les utilisateurs trouveront des renseignements détaillés, étape par étape, sur la façon d’aider une victime d’inconduite sexuelle et de veiller à sa sécurité. L’application peut aussi fournir l’emplacement des ressources militaires et civiles les plus près et la direction à prendre pour vous y rendre à l’aide de la position de votre portable, tout en protégeant votre vie privée et la confidentialité.",National Defence and the Canadian Armed Forces,Défense nationale et les Forces armées canadiennes,National Defence and the Canadian Armed Forces,Défense nationale et les Forces armées canadiennes,Download for iOS (English): https://itunes.apple.com/ca/app/respect-in-the-caf/id1249418271?mt=8 | Download for Android (English): https://play.google.com/store/apps/details?id=ca.gc.forces.ritcaf | Download for iOS ( Français ): https://itunes.apple.com/ca/app/respect-in-the-caf/id1249418271?l=fr | Download for Android ( Français ): https://play.google.com/store/apps/details?id=ca.gc.forces.ritcaf&hl=fr,Télécharger pour iOS (Français): https://itunes.apple.com/ca/app/respect-in-the-caf/id1249418271?l=fr | Télécharger pour Android (Français): https://play.google.com/store/apps/details?id=ca.gc.forces.ritcaf&hl=fr | Télécharger pour iOS ( English ): https://itunes.apple.com/ca/app/respect-in-the-caf/id1249418271?mt=8 | Télécharger pour Android ( English ): https://play.google.com/store/apps/details?id=ca.gc.forces.ritcaf,icons/87b73680daf0a97d3434.png
Road to Mental Readiness ( R2MR ),Route vers la préparation mentale ( RVPM ),2018/01/19,iOS; Android,The Road to Mental Readiness (R2MR) Mobile Application is a mobile training tool developed to improve short-term performance and long-term mental health outcomes.,L’application mobile RVPM est un outil d’instruction mobile développé pour améliorer le rendement à court terme et les résultats à long terme en matière de santé mentale.,"The Road to Mental Readiness ( R2MR ) Mobile Application is a mobile training tool (adjunct to classroom training) developed to improve short-term performance and long-term mental health outcomes. It provides the tools and resources required to manage and support CAF member, family members and the general public. R2MR training is layered and tailored to meet the relevant demands and responsibilities CAF personnel encounter at each stage of their career and while on deployment. Even better, integration with Apple’s Health app, HealthKit, will allow you to measure your heart rate before, while, and after using R2MR ’s Tactical Breathing exercise to compare your results. When you provide permission to access health data from R2MR , ""...your app can become a valuable health data source and HealthKit can use the shared data to bring more powerful health and fitness solutions.""","L’application mobile Route vers la préparation mentale ( RVPM ) est un outil d’instruction mobile (complément à l’instruction en classe) développé pour améliorer le rendement à court terme et les résultats à long terme en matière de santé mentale. Elle fournit les outils et les ressources requises pour gérer et soutenir les membres des FAC , leur famille et le grand public. L’instruction RVPM est divisée et adaptée de façon à répondre aux demandes et aux responsabilités pertinentes des membres du personnel des FAC à chaque étape de leur carrière et durant les déploiements. Encore mieux, l’intégration de l’app Santé d’Apple, HealthKit, vous permettra de mesurer votre fréquence cardiaque avant, pendant et après le recours à la technique de respiration tactique de l’initiative RVPM afin de comparer vos résultats. Lorsque vous donnez la permission d’accéder à vos données sur la santé RVPM , « votre app peut devenir une source utile de données sur la santé, et HealthKit peut utiliser les données partagées pour trouver de meilleures solutions en matière de santé et de mise en forme. » [Traduction libre]",National Defence and the Canadian Armed Forces,Défense nationale et les Forces armées canadiennes,National Defence and the Canadian Armed Forces,Défense nationale et les Forces armées canadiennes,Download for iOS (English): https://itunes.apple.com/us/app/r2mr/id1148743063?mt=8 | Download for Android (English): https://play.google.com/store/apps/details?id=ca.drdc.rddc.r2mr | Download for iOS ( Français ): https://itunes.apple.com/ca/app/rvpm/id1148743063?l=fr | Download for Android ( Français ): https://play.google.com/store/apps/details?id=ca.drdc.rddc.r2mr&hl=fr,Télécharger pour iOS (Français): https://itunes.apple.com/ca/app/rvpm/id1148743063?l=fr | Télécharger pour Android (Français): https://play.google.com/store/apps/details?id=ca.drdc.rddc.r2mr&hl=fr | Télécharger pour iOS ( English ): https://itunes.apple.com/us/app/r2mr/id1148743063?mt=8 | Télécharger pour Android ( English ): https://play.google.com/store/apps/details?id=ca.drdc.rddc.r2mr,icons/f4234c630fbcfbd93de2.jpg
Cereal Aphids Manager,Gérer des pucerons de céréale,2018/06/28,iOS; Android,Easy-to-use app for controlling cereal aphids,Application simple à utiliser à contrôler les pucerons des céréales,"The Cereal Aphid Manager (CAM) is an easy-to-use mobile app that helps farmers and crop advisors control aphid populations in wheat, barley, oat or rye. The app predicts what the aphid population will be in seven days and the best time to apply insecticide. How it works Users walk a recommended path through their field. (The path is suggested by the app.) At points along the path, the user will stop and count the number of aphids and beneficial insects (beneficial insects are insects that eat aphids). To help users identify insects, the app includes a photo guide. After completing the recommended path, which includes a minimum of five stops, the app will provide a prediction to spray, not spray, or when to sample again. Each field and date sampled along with the recommendation is stored on the user’s device to keep track of the field’s aphid population over the growing season. The science behind the app Aphids can cause significant damage to fields and increase crop losses, but just because aphids are present in grain field doesn’t mean they will have a significant impact on production. This is especially true if there are aphid natural enemies (beneficial insects) in the field to keep them under control. The Cereal Aphid Manager (CAM) is based on an innovative model, built by researchers at AAFC. The model treats the grain field as an ecosystem and takes into account many complex biological interactions including: the number of different natural enemies of aphids in the field and how many aphids they eat per day; the lifecycles of aphids and their enemies such as, the developmental stages, egg laying behaviour, population growth rate, lifespan, etc.; and types of non-crop habitats that insects around the field that the different insects prefer. By taking into consideration factors like these, the app gives a more accurate and precise prediction as to whether an aphid population will grow to such a size that it will significantly impact the productivity of the field or not. Note Cereal aphids can blow up from the South at any time which cannot be predicted by the app. As such, farmers and crop advisors should regularly check fields during the growing season, regardless of what Cereal Aphid Manager Mobile may recommend. We welcome feedback to help us improve this app. For more information on the Cereal Aphid Manager please contact aafc.aphid-puceron.aac@agr.gc.ca.","L’application Gérer des Pucerons de Céréale (GPC) est une application mobile simple à utiliser visant à aider les cultivateurs et les conseillers en culture à contrôler les populations de pucerons nuisibles aux cultures de blé, d’orge, d’avoine ou de seigle. L’application permet de prédire quelle sera la population de pucerons dans sept jours et quel est le meilleur moment pour la pulvérisation d’insecticide. Fonctionnement de l’application L’utilisateur doit marcher dans le champ visé selon un parcours recommandé (le parcours à suivre est suggéré par l’application). À certains endroits du parcours, l’utilisateur doit s’arrêter et compter le nombre de pucerons et d’insectes bénéfiques observés (les insectes bénéfiques sont ceux qui se nourrissent de pucerons). Afin d’aider l’utilisateur à identifier les insectes, l’application comprend un guide photo. Lorsque l’utilisateur a terminé le parcours recommandé, qui comprend un minimum de cinq points d’arrêt, l’application fournira une recommandation, à savoir s’il faut pulvériser ou non, ou indiquera à quel moment prélever à nouveau des échantillons. Les données de chaque champ et date pour lesquels des échantillons ont été prélevés ainsi que les recommandations formulées sont stockées dans l’appareil de l’utilisateur afin d’assurer le suivi de la population de pucerons du champ visé au cours de la saison de culture. Fondement scientifique de l’application Les pucerons peuvent causer d’importants dommages aux champs et augmenter les pertes de récoltes. La présence de pucerons dans un champ de céréales ne signifie toutefois pas nécessairement que ceux­ci auront une incidence importante sur la production. Cela est particulièrement vrai si des ennemis naturels (insectes bénéfiques) des pucerons sont présents dans le champ et permettent d’assurer le contrôle des pucerons. L’application Gérer des Pucerons de Céréale (GPC) est fondée sur un modèle innovateur conçu par des chercheurs d’Agriculture et Agroalimentaire Canada. Le modèle considère le champ de céréales comme étant un écosystème et tient compte de nombreuses interactions biologiques complexes comme les suivantes : le nombre d’ennemis naturels des pucerons différents présents dans le champ et le nombre de pucerons que ceux­ci mangent chaque jour; le cycle de vie des pucerons et de leurs ennemis, p. ex. les phases de développement, le comportement de ponte d’œufs, le taux de croissance de la population, la durée de vie; les types d’habitats autres que les cultures où les différents insectes à proximité du champ préfèrent s’installer. En tenant compte de tels facteurs, l’application offre des prévisions plus exactes en ce qui concerne la possibilité que la population de pucerons atteigne ou non une taille ayant une incidence importante sur la productivité du champ. Remarque Les pucerons des céréales peuvent être emportés par le vent du sud en tout temps, ce qui ne peut être prévu par l’application. Par conséquent, les cultivateurs et les conseillers en culture doivent procéder à la vérification de leurs champs régulièrement au cours de la saison des cultures, peu importe les recommandations de l’application Gestionnaire des pucerons des céréales. N’hésitez pas à nous transmettre vos commentaires afin de nous aider à améliorer cette application. Pour obtenir de plus amples renseignements au sujet de l’application Gestionnaire des pucerons des céréales, veuillez communiquer avec les responsables à l’adresse suivante : aafc.aphid-puceron.aac@agr.gc.ca.",Agriculture and Agri-Food Canada,Agriculture et Agroalimentaire Canada,Agriculture and Agri-Food Canada,Agriculture et Agroalimentaire Canada,Download for iOS iPhone / iPod Touch (English): https://itunes.apple.com/us/app/cereal-aphid-manager/id1256717765?ls=1&mt=8 | Download for Android SmartPhone (English): https://play.google.com/store/apps/details?id=ca.gc.agr.camgpc | Download for iOS iPhone / iPod Touch ( Français ): https://itunes.apple.com/ca/app/cereal-aphid-manager/id1256717765?&l=fr&ls=1&mt=8 | Download for Android SmartPhone ( Français ): https://play.google.com/store/apps/details?id=ca.gc.agr.camgpc,Télécharger pour iOS iPhone / iPod Touch (Français): https://itunes.apple.com/ca/app/cereal-aphid-manager/id1256717765?&l=fr&ls=1&mt=8 | Télécharger pour Android SmartPhone (Français): https://play.google.com/store/apps/details?id=ca.gc.agr.camgpc | Télécharger pour iOS iPhone / iPod Touch ( English ): https://itunes.apple.com/us/app/cereal-aphid-manager/id1256717765?ls=1&mt=8 | Télécharger pour Android SmartPhone ( English ): https://play.google.com/store/apps/details?id=ca.gc.agr.camgpc,icons/f1a28dec51d7533c9b96.jpg
Job Bank – Job Search,Guichet-Emplois – Recherche,2018/08/07,iOS; Android,"Job search made easy with Job Bank. Search for work and find a job in Canada. The Government of Canada’s Job Bank makes looking for work easy, even when you’re on the go. Find a job in Canada – or let it come to you.","Recherche d’emploi facile et offres d’emploi au Canada. Trouvez l’emploi idéal. Le Guichet-Emplois du Gouvernement du Canada rend la recherche d’emploi facile, même quand vous êtes en déplacement. Trouvez un emploi au Canada, ou laissez-le venir à vous.","Job Bank is free and trustworthy. There are no hidden fees and no registration required – only good Canadian jobs. Customize your job search: Browse through thousands of jobs across Canada, or see who’s hiring near your current location. Adjust your search distance radius to define where you want to work. Use filters to find exactly the jobs you’re looking for. View jobs in the language of your choice — toggle between French and English. Scroll through your jobs in a list, or switch to a cards view — swipe left to move onto the next one and swipe right to add it to your favourites. Get notified of new jobs: Be the first to know about the latest jobs available that could interest you. Create alerts for your search criteria and receive notifications when matching job opportunities are advertised on Job Bank. Keep track of your favourite jobs: Pick out jobs that interest you, and save them all in one place as you apply. Go back and look at your saved job postings even when you’re offline. Mark the jobs you’ve applied for. Get notifications reminding you to apply when your favourite jobs are about to expire. Find the perfect job now!","Le Guichet-Emplois est gratuit et fiable. Il n’y a aucuns frais cachés et aucune inscription requise, seulement de bonnes offres d’emploi au Canada. Personnalisez votre recherche d’emploi : Cherchez parmi des milliers d'offres d'emploi à travers le Canada, ou voyez qui embauche près de votre emplacement actuel. Ajustez le rayon de distance de votre recherche pour définir où vous voulez travailler. Utilisez des filtres pour trouver les offres d’emploi que vous cherchez. Consultez les offres d’emploi dans la langue de votre choix – alternez entre le français et l’anglais. Faites défiler les offres d'emploi dans une liste, ou affichez-les sous la forme de fiches - glissez vers la gauche pour passer à la prochaine offre, et glissez vers la droite pour ajouter une offre à vos favoris. Soyez avisé des nouvelles offres d’emploi : Soyez le premier à découvrir les nouveaux emplois disponibles qui pourraient vous intéresser. Créez des alertes pour vos critères de recherche et recevez des notifications lorsque de nouvelles offres d'emploi correspondantes sont publiées sur le Guichet-Emplois. Faites un suivi de vos favoris : Sélectionnez les offres d'emploi qui vous intéressent, et conservez-les toutes au même endroit pendant que vous postulez. Consultez les offres d’emploi dans vos favoris même lorsque vous êtes hors ligne. Marquez les offres d’emploi pour lesquelles vous avez postulé. Recevez des notifications vous rappelant de postuler quand des offres d'emploi dans vos favoris sont sur le point d'expirer. Trouvez l’emploi parfait maintenant!",Employment and Social Development Canada,Emploi et Développement social Canada,Employment and Social Development Canada,Emploi et Développement social Canada,Download for iOS iPhone / iPod Touch (English): https://itunes.apple.com/ca/app/job-bank-job-search/id1351432365?ls=1&mt=8 | Download for Android SmartPhone (English): https://play.google.com/store/apps/details?id=ca.jobbank.mobile&hl=en | Download for iOS iPhone / iPod Touch ( Français ): https://itunes.apple.com/ca/app/guichet-emplois-recherche/id1351432365?l=fr&ls=1&mt=8 | Download for Android SmartPhone ( Français ): https://play.google.com/store/apps/details?id=ca.jobbank.mobile&hl=fr,Télécharger pour iOS iPhone / iPod Touch (Français): https://itunes.apple.com/ca/app/guichet-emplois-recherche/id1351432365?l=fr&ls=1&mt=8 | Télécharger pour Android SmartPhone (Français): https://play.google.com/store/apps/details?id=ca.jobbank.mobile&hl=fr | Télécharger pour iOS iPhone / iPod Touch ( English ): https://itunes.apple.com/ca/app/job-bank-job-search/id1351432365?ls=1&mt=8 | Télécharger pour Android SmartPhone ( English ): https://play.google.com/store/apps/details?id=ca.jobbank.mobile&hl=en,icons/61f78e3bb0d835d32e7c.jpg
My Transition App,Mes Services de Transition,2018/12/07,iOS; Android,The Canadian Armed Forces Transition app has been designed to assist all military members in their transition to civilian life and the civilian workforce.,L’application de transition des Forces armées canadiennes a été conçue pour aider tous les militaires dans leur transition vers la vie et le marché de travail civils.,The Canadian Armed Forces (CAF) Transition app has been designed to assist all military members in their transition. The Canadian Armed Forces/Department of National Defence (CAF/DND) and Veterans Affairs Canada (VAC) are working together to help you on the path to civilian life and the civilian workforce.,L’application de transition des Forces armées canadiennes (FAC) a été conçue pour aider tous les militaires dans leur transition. Les Forces armées canadiennes/Ministère de la Défense nationale (CAF/MDN) et Anciens Combattants Canada (ACC) travaillent ensemble afin de vous aider à cheminer vers la vie et le marché de travail civils.,National Defence and the Canadian Armed Forces,Défense nationale et les Forces armées canadiennes,National Defence and the Canadian Armed Forces,Défense nationale et les Forces armées canadiennes,Download for iOS iPhone / iPod Touch (English): https://itunes.apple.com/ca/app/my-transition-services/id1439355659?ls=1&mt=8 | Download for Android SmartPhone (English): https://play.google.com/store/apps/details?id=ca.forces.transition | Download for iOS iPhone / iPod Touch ( Français ): https://itunes.apple.com/fr/app/my-transition-services/id1439355659?ls=1&mt=8 | Download for Android SmartPhone ( Français ): https://play.google.com/store/apps/details?id=ca.forces.transition&hl=fr,Télécharger pour iOS iPhone / iPod Touch (Français): https://itunes.apple.com/fr/app/my-transition-services/id1439355659?ls=1&mt=8 | Télécharger pour Android SmartPhone (Français): https://play.google.com/store/apps/details?id=ca.forces.transition&hl=fr | Télécharger pour iOS iPhone / iPod Touch ( English ): https://itunes.apple.com/ca/app/my-transition-services/id1439355659?ls=1&mt=8 | Télécharger pour Android SmartPhone ( English ): https://play.google.com/store/apps/details?id=ca.forces.transition,icons/f34ece3161224334e598.jpg
WeatherCAN,MétéoCAN,2019/02/13,iOS; Android,"Available on Apple and Android smartphones, WeatherCAN draws its weather data and information directly from Environment and Climate Change Canada, the official source for Canadian weather alerts.","MétéoCAN tire ses renseignements et données météo directement d’Environnement et Changement climatique Canada, la source officielle d’alertes météo du Canada.","The first version of the app offers the following key features: Current conditions, hourly- and 7-day forecasts for over 10,000 locations in Canada. Push notifications for all weather alerts issued by Environment and Climate Change Canada for your location and saved locations. Weather information for your location (following you as you travel) as well as for saved locations anywhere in Canada. High-resolution radar animation on a zoomable map background. A message centre providing weather facts and climate information relevant to the current weather. Today and short-range forecast widget for quick, at-a-glance weather information. Accessible in English and French, and an in-app ability to switch between languages.","La première version de notre application offre les fonctions clés suivantes : Conditions actuelles, prévisions horaires et sur 7 jours pour plus de 10 000 endroits au Canada. Notifications instantanées pour toutes les alertes météo émises par Environnement et Changement climatique Canada pour votre région et vos endroits sauvegardés. Informations météo pour votre emplacement (s’adaptant à vos déplacements) ainsi que pour tout endroit sauvegardé au Canada. Animation radar à haute résolution sur une carte pouvant être agrandie. Centre de messages qui fournit des faits météorologiques et des renseignements sur le climat pertinents aux conditions météo en cours. Widget des prévisions d’aujourd’hui et à court terme pour des informations météo rapides accessibles en un coup d’œil. Accessible en anglais et en français et possibilité de passer d’une langue à l’autre en cours d’utilisation.",Environment and Climate Change Canada,Environnement et Changement climatique Canada,Environment and Climate Change Canada,Environnement et Changement climatique Canada,Download for iOS iPhone / iPod Touch (English): https://itunes.apple.com/ca/app/id1334221563?mt=8 | Download for Android SmartPhone (English): https://play.google.com/store/apps/details?id=ca.gc.ec.weather_app_android.ops | Download for iOS iPhone / iPod Touch ( Français ): https://itunes.apple.com/ca/app/id1334221563?l=fr&mt=8 | Download for Android SmartPhone ( Français ): https://play.google.com/store/apps/details?id=ca.gc.ec.weather_app_android.ops&hl=fr,Télécharger pour iOS iPhone / iPod Touch (Français): https://itunes.apple.com/ca/app/id1334221563?l=fr&mt=8 | Télécharger pour Android SmartPhone (Français): https://play.google.com/store/apps/details?id=ca.gc.ec.weather_app_android.ops&hl=fr | Télécharger pour iOS iPhone / iPod Touch ( English ): https://itunes.apple.com/ca/app/id1334221563?mt=8 | Télécharger pour Android SmartPhone ( English ): https://play.google.com/store/apps/details?id=ca.gc.ec.weather_app_android.ops,icons/0907a527cfcc22f3eba6.jpg
Baitfish Primer,L’ABC des poissons-appâts,2019/02/15,iOS; Android,"Developed by Fisheries and Oceans Canada, The Baitfish Primer mobile app is a guide that allows users identify and protect Ontario’s baitfishes wherever they go!","Élaborée par Pêches et Océans Canada, l’application mobile Baitfish Primer (ABC des poissons-appâts) est un guide qui permet aux utilisateurs d’identifier et de protéger les poissons-appâts de l’Ontario partout où ils vont!","The Baitfish Primer mobile app has a unique identification tool that can help anyone identify the baitfishes of Ontario. This tool is intended to be used by both novices and experts alike! Many small fishes look alike; however, upon closer inspection, most baitfish species can be distinguished from one another with relative ease. With this app you will soon be able to distinguish a Creek Chub from a Longnose Dace! The ability to distinguish among small fish is important, as some fish are so rare that their use may lead to extinction. Also, some small fish are invasive and can damage our aquatic ecosystems! With this app, you will: Understand the federal and Ontario legislation and regulations pertinent to the use of baitfishes; Be able to identify small fish species; Be able to distinguish between legal and illegal baitfishes; Recognize the importance of baitfish habitat; Understand the potential impacts of improper baitfish use; and, Understand how to minimize negative impacts to our aquatic ecosystems from aquatic invasive species and how to protest species at risk. On behalf of Fisheries and Oceans Canada, thank you for your interest in this app and for doing your part to protect Ontario’s aquatic ecosystems!","L’application mobile ABC des poissons-appâts présente une fonction d’identification unique qui peut aider n’importe qui à identifier les poissons-appâts de l’Ontario. Cette fonction est destinée tant aux débutants qu’aux experts! De nombreux petits poissons se ressemblent. Toutefois, en y regardant de plus près, on peut différencier assez facilement l’une de l’autre la plupart des espèces de poissons-appâts. Grâce à cette application, vous serez bientôt en mesure de différencier un mulet à cornes d’un naseux des rapides! La possibilité de différencier les petits poissons est importante, étant donné que certains sont si rares que leur utilisation peut mener à l’extinction. De plus, certains petits poissons sont envahissants et peuvent endommager nos écosystèmes aquatiques! Grâce à cette application, vous serez en mesure de : comprendre les lois et règlements du fédéral et de l’Ontario concernant l’utilisation des poissons-appâts; reconnaître les espèces de petits poissons; différencier les poissons-appâts autorisés de ceux qui sont interdits; reconnaître l’importance de l’habitat des poissons-appâts; comprendre les répercussions possibles de la mauvaise utilisation des poissons-appâts; comprendre comment minimiser les effets négatifs des espèces aquatiques envahissantes sur nos écosystèmes aquatiques et la façon de protéger les espèces en péril. Au nom de Pêches et Océans Canada, je vous remercie de l’intérêt que vous portez à cette application et de votre contribution à la protection des écosystèmes aquatiques de l’Ontario!",Fisheries and Oceans Canada,Pêches et Océans Canada,Fisheries and Oceans Canada,Pêches et Océans Canada,Download for iOS iPhone / iPod Touch (English): https://itunes.apple.com/ca/app/baitfish-primer/id1439860416?mt=8 | Download for Android SmartPhone (English): https://play.google.com/store/apps/details?id=com.dfo.baitfishprimer | Download for iOS iPhone / iPod Touch ( Français ): https://itunes.apple.com/ca/app/labc-des-poissons-app%C3%A2ts/id1439860416?l=fr&mt=8 | Download for Android SmartPhone ( Français ): https://play.google.com/store/apps/details?id=com.dfo.baitfishprimer&hl=fr,Télécharger pour iOS iPhone / iPod Touch (Français): https://itunes.apple.com/ca/app/labc-des-poissons-app%C3%A2ts/id1439860416?l=fr&mt=8 | Télécharger pour Android SmartPhone (Français): https://play.google.com/store/apps/details?id=com.dfo.baitfishprimer&hl=fr | Télécharger pour iOS iPhone / iPod Touch ( English ): https://itunes.apple.com/ca/app/baitfish-primer/id1439860416?mt=8 | Télécharger pour Android SmartPhone ( English ): https://play.google.com/store/apps/details?id=com.dfo.baitfishprimer,icons/8b8ac05566e541ed70b2.jpg
SCIS Photo app,Application photo CSSI,2019/07/09,iOS; Android,Take and send your photo for your secure status card for free,Prenez et envoyez votre photo pour votre carte de statut sécurisée gratuitement,"The new SCIS Photo App will allow people to take “passport style” photos, submit their photos and provide their guarantor’s name, email address, and signature through a mobile device. This information will be securely transmitted to Indigenous Services Canada (ISC) through the App. You must be registered as a status Indian under the Indian Act to get a status card. To complete your application for the Secure Certificate of Indian Status (SCIS), you must submit an application form and supporting documentation. Applicants will no longer need to pay to have “passport style” photos taken. The Government of Canada is committed to eliminating barriers and improving services to First Nation communities. The new SCIS Photo App has been developed to eliminate the cost of photos for applicants and provide a convenient way to provide photos for a secure status card application.","La nouvelle application photo pour le certificat sécurisé de statut d’Indien (CSSI) permettra aux gens de prendre des photos de « style passeport », de soumettre leurs photos et de fournir le nom, le courriel et la signature de votre répondant au moyen d’un appareil mobile. Ces renseignements seront transmis en toute sécurité à Services aux Autochtones Canada (SAC) au moyen de l’application. Vous devez être inscrit à titre d’Indien en vertu de la Loi sur les Indiens pour obtenir une carte de statut. Pour remplir votre demande de CSSI, vous devez soumettre une demande remplie et les documents justificatifs. Les demandeurs n’auront plus à payer pour obtenir des photos de « style passeport ». Le gouvernement du Canada est déterminé à éliminer les obstacles et à améliorer les services offerts aux collectivités des Premières Nations. La nouvelle application photo pour le CSSI a été mise au point afin d’éliminer le coût des photos pour les demandeurs et d’offrir un outil pratique permettant de fournir des photos dans le cadre d’une demande de carte sécurisée de statut d’Indien.",Indigenous Services Canada,Services aux Autochtones Canada,Indigenous Services Canada,Services aux Autochtones Canada,Download for iOS iPhone / iPod Touch (English): https://apps.apple.com/ca/app/scis-photo/id1445213142 | Download for Android SmartPhone (English): https://play.google.com/store/apps/details?id=ca.CIRNAC_ISC.SCISPhotoApp&hl=en | Download for iOS iPhone / iPod Touch ( Français ): https://apps.apple.com/ca/app/photo-cssi/id1445213142?l=fr | Download for Android SmartPhone ( Français ): https://play.google.com/store/apps/details?id=ca.CIRNAC_ISC.SCISPhotoApp&hl=fr,Télécharger pour iOS iPhone / iPod Touch (Français): https://apps.apple.com/ca/app/photo-cssi/id1445213142?l=fr | Télécharger pour Android SmartPhone (Français): https://play.google.com/store/apps/details?id=ca.CIRNAC_ISC.SCISPhotoApp&hl=fr | Télécharger pour iOS iPhone / iPod Touch ( English ): https://apps.apple.com/ca/app/scis-photo/id1445213142 | Télécharger pour Android SmartPhone ( English ): https://play.google.com/store/apps/details?id=ca.CIRNAC_ISC.SCISPhotoApp&hl=en,icons/7f58fb71396545108798.jpg
Canada Business,Entreprises Canada,2019/08/27,iOS; Android,"Your mobile business partner. A simplified all-access point for businesses to find essential information, directly interact with government resources and use tools to build your business.",Votre partenaire d'affaires mobile. Un point d’accès simplifié pour les entreprises l’appli vous permet de trouver des renseignements essentiels et d’interagir directement avec les ressources et les outils gouvernementaux pour bâtir votre entreprise.,"Download Canada Business to see how easy it is to navigate government services, get recommendations tailored to your business, set up personalized notifications and find the answers you need to start up, scale up and access new markets.","En téléchargeant l'application Entreprises Canada, vous pourrez facilement naviguer dans les divers services du gouvernement, obtenir des recommandations et des notifications adaptées à votre entreprise, et trouver les réponses qu'il vous faut pour démarrer votre entreprise, prendre de l'expansion et accéder à de nouveaux marchés.","Innovation, Science, Economic Development Canada","Innovation, Sciences et Développement économique Canada","Innovation, Science, Economic Development Canada","Innovation, Sciences et Développement économique Canada",Download for iOS iPhone / iPod Touch (English): https://apps.apple.com/app/id1458880441 | Download for Android SmartPhone (English): https://play.google.com/store/apps/details?id=ca.canada.isedisde.gcbusiness | Download for iOS iPhone / iPod Touch ( Français ): https://apps.apple.com/ca/app/entreprises-canada/id1458880441?l=fr | Download for Android SmartPhone ( Français ): https://play.google.com/store/apps/details?id=ca.canada.isedisde.gcbusiness&hl=fr,Télécharger pour iOS iPhone / iPod Touch (Français): https://apps.apple.com/ca/app/entreprises-canada/id1458880441?l=fr | Télécharger pour Android SmartPhone (Français): https://play.google.com/store/apps/details?id=ca.canada.isedisde.gcbusiness&hl=fr | Télécharger pour iOS iPhone / iPod Touch ( English ): https://apps.apple.com/app/id1458880441 | Télécharger pour Android SmartPhone ( English ): https://play.google.com/store/apps/details?id=ca.canada.isedisde.gcbusiness,icons/030789afc74aae32962c.png
HR GO,GO RH,2019/11/25,iOS; Android,"The HR GO App provides critical HR information to public service managers and staff including; articles, contacts, walkthroughs, links to online resources and calculators.","L’appli GO RH fourni des renseignements essentiels en matière de RH au moyen d’articles, de personnes-ressources, de révisions, de liens vers des ressources en ligne et de calculateurs.","The HR GO App was designed to support DND staff who may not have easy access to computers, networks and work primarily offline such as ship repair specialists, various trades, and employees in the field, on leave, or at home. Always up to date, the HR GO app will update automatically when connected and continually provide new tools, functions and content to respond to user needs. HR GO is an accessible resource for every day, available “Anytime, Anywhere”.","L’appli GO RH a été élaborée dans le but d’appuyer les membres du personnel du MDN qui n’ont pas accès à un ordinateur ni au RED, comme les spécialistes en réparation navale, divers groupes professionnels, les employés sur le terrain, en congé ou au domicile. Toujours à jour, GO RH recevra des mises à jour automatiques régulières lorsque connectée afin de fournir de nouveaux outils et des fonctions supplémentaires en vue de répondre aux besoins de l’utilisateur. RH Go est une ressource accessible pour le travail et les tâches personnelles quotidiennes, « en tout temps, partout ».",National Defence and the Canadian Armed Forces,Défense nationale et les Forces armées canadiennes,National Defence and the Canadian Armed Forces,Défense nationale et les Forces armées canadiennes,Download for iOS iPhone / iPod Touch (English): https://apps.apple.com/us/app/hr-go/id1460154062 | Download for iOS iPad (English): https://apps.apple.com/us/app/hr-go/id1460154062 | Download for Android SmartPhone (English): https://play.google.com/store/apps/details?id=ca.forces.hrciv.hrgo | Download for iOS iPhone / iPod Touch ( Français ): https://apps.apple.com/fr/app/go-rh/id1460154062 | Download for iOS iPad ( Français ): https://apps.apple.com/fr/app/go-rh/id1460154062 | Download for Android SmartPhone ( Français ): https://play.google.com/store/apps/details?id=ca.forces.hrciv.hrgo&hl=fr,Télécharger pour iOS iPhone / iPod Touch (Français): https://apps.apple.com/fr/app/go-rh/id1460154062 | Télécharger pour iOS iPhone / iPod Touch (Français): https://apps.apple.com/fr/app/go-rh/id1460154062 | Télécharger pour iOS iPad (Français): https://play.google.com/store/apps/details?id=ca.forces.hrciv.hrgo&hl=fr | Télécharger pour iOS iPhone / iPod Touch ( English ): https://apps.apple.com/us/app/hr-go/id1460154062 | Télécharger pour iOS iPad ( English ): https://apps.apple.com/us/app/hr-go/id1460154062 | Télécharger pour Android SmartPhone ( English ): https://play.google.com/store/apps/details?id=ca.forces.hrciv.hrgo,icons/764c38e86ea66de95420.jpg
ArriveCAN,ArriveCAN,2020/04/24,iOS; Android,ArriveCAN is a tool for travellers who want to save time at the border.,ArriveCAN est un outil pour les voyageurs qui souhaitent gagner du temps à la frontière.,"The Advance CBSA Declaration feature provides travellers with the option to submit their customs and immigration declaration to the CBSA through ArriveCAN, up to 72 hours in advance of their arrival in Canada. Travellers can now spend less time at primary inspection kiosks (PIK) or eGates when they arrive at the airport, resulting in shorter wait times at the border. Visit ArriveCAN: Advance CBSA Declaration for the list of participating international airports. ArriveCAN is available as a mobile app or by signing in online using the CBSA website.","La fonctionnalité de Déclaration de l'ASFC faite à l'avance permet aux voyageurs de soumettre leur déclaration de douane et d'immigration à l'ASFC au moyen d'ArriveCAN, jusqu'à 72 heures avant leur arrivée au Canada. Les voyageurs peuvent maintenant passer moins de temps aux bornes d'inspection primaire (BIP) ou aux portes électroniques quand ils arrivent à l'aéroport, ce qui réduit le temps d'attente à la frontière. Consultez le site ArriveCAN : Déclaration de l'ASFC faite à l'avance pour obtenir la liste des aéroports internationaux participants. ArriveCAN est disponible sous forme d'application mobile ou en ouvrant une session en ligne sur le site Web de l'ASFC.",Canada Border Services Agency,Agence des services frontaliers du Canada,Canada Border Services Agency,Agence des services frontaliers du Canada,Download for iOS iPhone / iPod Touch (English): https://apps.apple.com/us/app/canarrive/id1505394667?mt=8 | Download for Android SmartPhone (English): https://play.google.com/store/apps/details?id=ca.gc.cbsa.coronavirus&hl=en | Download for iOS iPhone / iPod Touch ( Français ): https://apps.apple.com/us/app/canarrive/id1505394667?mt=8&l=fr_CA | Download for Android SmartPhone ( Français ): https://play.google.com/store/apps/details?id=ca.gc.cbsa.coronavirus&hl=fr,Télécharger pour iOS iPhone / iPod Touch (Français): https://apps.apple.com/us/app/canarrive/id1505394667?mt=8&l=fr_CA | Télécharger pour Android SmartPhone (Français): https://play.google.com/store/apps/details?id=ca.gc.cbsa.coronavirus&hl=fr | Télécharger pour iOS iPhone / iPod Touch ( English ): https://apps.apple.com/us/app/canarrive/id1505394667?mt=8&l=fr_CA | Télécharger pour Android SmartPhone ( English ): https://play.google.com/store/apps/details?id=ca.gc.cbsa.coronavirus&hl=en,icons/9f11977967eed275839b.jpg
StatsCAN,StatsCAN,2022/02/14,iOS; Android,"StatsCAN : Data for a better Canada! Explore the stories behind the numbers with facts, visuals and our latest Eh Sayers podcasts.","StatsCAN : Des données pour un Canada meilleur! Explorez les histoires que les chiffres révèlent à l’aide de faits, d’éléments visuels et de nos tout derniers balados Hé-coutez bien!","As the national statistical office, Statistics Canada produces statistics that help Canadians better understand their country. StatsCAN – the agency’s newest mobile application - lets you tap into expert analysis and insight through data, tools and articles to provide you with the latest information on relevant topics including employment, the environment, housing, immigration, health, education, justice, population, transportation, tourism, income, agriculture, and more! Personalize your browsing journey with the ‘For you’ feature and follow subjects of interest to know when the latest publications become available or save articles for reading at a later time. Explore the stories behind the numbers with fun facts, visuals, short stories and our latest Eh Sayers podcasts. Opt-in to notifications that provide a comprehensive overview of the country’s latest statistical news. Keep your friends and colleagues informed with the ability to share publications.","En tant qu’organisme national de statistique, Statistique Canada produit des statistiques qui aident les Canadiens à mieux comprendre leur pays. StatsCAN , la plus récente application mobile de l’organisme, vous permet d’accéder à des analyses et des perspectives d’experts sous la forme de données, d’outils et d’articles qui fournissent des renseignements à jour sur des sujets pertinents tels que l’emploi, l’environnement, le logement, l’immigration, la santé, l’éducation, la justice, la population, les transports, le tourisme, le revenu, l’agriculture et plus encore! Personnalisez votre parcours de navigation avec la fonction « Pour vous » et suivez les sujets qui vous intéressent pour savoir quand les plus récentes publications deviennent accessibles ou enregistrez des articles pour pouvoir les lire plus tard. Explorez les histoires que les chiffres révèlent à l’aide de faits amusants, d’éléments visuels, de courtes histoires et de nos tout derniers balados Hé-coutez bien! Choisissez de recevoir des avis qui donnent une vue d’ensemble des dernières nouvelles statistiques du pays. Tenez vos amis et collègues informés grâce à la capacité de partager des publications.",Statistics Canada,Statistique Canada,Statistics Canada,Statistique Canada,Download for iOS iPhone(English): https://apps.apple.com/ca/app/statscan/id1581143394 | Download for Android SmartPhone (English): https://play.google.com/store/apps/details?id=com.statcan.StatCan | Download for iOS iPhone( Français ): https://apps.apple.com/ca/app/statscan/id1581143394?l=fr | Download for Android SmartPhone ( Français ): https://play.google.com/store/apps/details?id=com.statcan.StatCan&hl=fr,Télécharger pour iOS iPhone (Français): https://apps.apple.com/ca/app/statscan/id1581143394?l=fr | Télécharger pour Android SmartPhone (Français): https://play.google.com/store/apps/details?id=com.statcan.StatCan&hl=fr | Télécharger pour iOS iPhone ( English ): https://apps.apple.com/ca/app/statscan/id1581143394 | Télécharger pour Android SmartPhone ( English ): https://play.google.com/store/apps/details?id=com.statcan.StatCan,icons/a75454ce23e394fa4fd9.jpg
Reconciliation: A Starting Point,La réconciliation : un point de départ,2021/04/08,iOS; Android,"The Reconciliation: A Starting Point app is a reference tool for learning about First Nations, Inuit and Métis Peoples, including key historical events and reconciliation initiatives.","La réconciliation : un point de départ est un outil de référence sur les Premières Nations, les Inuit et les Métis, incluant des événements historiques et initiatives de réconciliation.","The Reconciliation: A Starting Point mobile app is a reference tool for learning about First Nations, Inuit and Métis Peoples, including key historical events and examples of reconciliation initiatives. Users will learn why reconciliation matters and what public servants need to know and do to advance reconciliation with Indigenous Peoples in Canada. The content of this app was created and compiled by the Canada School of Public Service, with contributions from Indigenous and non-Indigenous people from across the federal government, and technical expertise from National Defence's Canadian ADL Lab on the app development.","L'appli mobile La réconciliation : un point de départ est un outil de référence pour apprendre sur les Premières Nations, les Inuit et les Métis, y compris sur des événements historiques clés et des initiatives de réconciliation. Les utilisateurs apprendront pourquoi la réconciliation est importante et ce que les fonctionnaires doivent savoir et accomplir pour faire progresser la réconciliation avec les peuples autochtones au Canada. Le contenu de cette application a été créé et compilé par l'École de la fonction publique du Canada, avec la contribution d'Autochtones et d'allochtones de l'ensemble du gouvernement fédéral. L'École a aussi bénéficié de l'expertise technique de Canadian ADL Lab du ministère de la Défense nationale pour le développement de l'application.",Canada School of Public Service,École de la fonction publique du Canada,Canada School of Public Service,École de la fonction publique du Canada,Download for iOS iPhone / iPod Touch(English): https://apps.apple.com/ca/app/r%C3%A9conciliation-autocthone/id1533307057?l=en | Download for iOS iPad(English): https://apps.apple.com/ca/app/r%C3%A9conciliation-autocthone/id1533307057?l=en | Download for Android SmartPhone (English): https://play.google.com/store/apps/details?id=mpgg.cda.csps&hl=en | Download for iOS iPhone / iPod Touch( Français ): https://apps.apple.com/ca/app/r%C3%A9conciliation-autocthone/id1533307057?l=fr | Download for iOS iPad( Français ): https://apps.apple.com/ca/app/r%C3%A9conciliation-autocthone/id1533307057?l=fr | Download for Android SmartPhone ( Français ): https://play.google.com/store/apps/details?id=mpgg.cda.csps&hl=fr,Télécharger pour iOS iPhone / iPod Touch (Français): https://apps.apple.com/ca/app/r%C3%A9conciliation-autocthone/id1533307057?l=fr | Télécharger pour iOS iPad (Français): https://apps.apple.com/ca/app/r%C3%A9conciliation-autocthone/id1533307057?l=fr | Télécharger pour Android SmartPhone (Français): https://play.google.com/store/apps/details?id=mpgg.cda.csps&hl=fr | Télécharger pour iOS iPhone / iPod Touch ( English ): https://apps.apple.com/ca/app/r%C3%A9conciliation-autocthone/id1533307057?l=en | Télécharger pour iOS iPad ( English ): https://apps.apple.com/ca/app/r%C3%A9conciliation-autocthone/id1533307057?l=en | Télécharger pour Android SmartPhone ( English ): https://play.google.com/store/apps/details?id=mpgg.cda.csps&hl=en,icons/ee613ce81475c5b56a6b.jpg
CAF C&B,FAC RAS,2024/10/07,iOS; Android,"Allows active CAF members to securely view, print, and save pay statements.",Permet aux membres des FAC de consulter et sauvegarder en sécurité leurs paies.,"The Canadian Armed Forces Compensation and Benefits Mobile Application ( CAF C&B Mobile App) provides active CAF members with the ability to securely view, print and save pay statements.","L'application mobile de rémunération et d'avantages sociaux des Forces armées canadiennes ( FAC RAS) offre aux membres actifs des FAC la possibilité de consulter, d'imprimer et de sauvegarder en toute sécurité leurs relevés de paie.",National Defence and the Canadian Armed Forces,Défense nationale et les Forces armées canadiennes,National Defence and the Canadian Armed Forces,Défense nationale et les Forces armées canadiennes,Download for iOS (English): https://apps.apple.com/ca/app/caf-c-b/id1582229190 | Download for Android (English): https://play.google.com/store/apps/details?id=ca.forces.dmpap.caf.pay | Download for iOS ( Français ): https://apps.apple.com/ca/app/fac-ras/id1582229190?l=fr-CA | Download for Android ( Français ): https://play.google.com/store/apps/details?id=ca.forces.dmpap.caf.pay&hl=fr,Télécharger pour iOS (Français): https://apps.apple.com/ca/app/fac-ras/id1582229190?l=fr-CA | Télécharger pour Android (Français): https://play.google.com/store/apps/details?id=ca.forces.dmpap.caf.pay&hl=fr | Télécharger pour iOS ( English ): https://apps.apple.com/ca/app/caf-c-b/id1582229190 | Télécharger pour Android ( English ): https://play.google.com/store/apps/details?id=ca.forces.dmpap.caf.pay,icons/1ca30df93a0420e213bc.svg
MyRCN,MaMRC,2017/08/29,iOS; Android,"MyRCN is a mobile app for Canadian Armed Forces personnel, offering easy access to essential tools and services to manage information with their own devices.","MaMRC est une application mobile destinée au personnel des Forces armées canadiennes, offrant un accès facile à des outils et services essentiels pour gérer l’information à l’aide de leurs propres appareils.","The MyRCN app is a mobile application designed for members of the Canadian Armed Forces ( CAF ). It provides a convenient way to access various tools and services related to military life, including leave requests, fleet schedules, availability reports for reservists, and performance management tools. The app aims to streamline information access and improve efficiency for CAF members.","L'application MaMRC est une application mobile conçue pour les membres des Forces armées canadiennes ( FAC ). Elle offre un moyen pratique d'accéder à divers outils et services liés à la vie militaire, notamment les demandes de congés, les horaires de la flotte, les rapports de disponibilité pour les réservistes et les outils de gestion du rendement. L'application vise à rationaliser l'accès à l'information et à améliorer l'efficacité pour les membres des FAC .",National Defence and the Canadian Armed Forces,Défense nationale et les Forces armées canadiennes,National Defence and the Canadian Armed Forces,Défense nationale et les Forces armées canadiennes,Download for iOS (English): https://apps.apple.com/ca/app/myrcn/id1591479256 | Download for Android (English): https://play.google.com/store/apps/details?id=ca.gc.forces.navymarine.myrcn&hl=en_CA | Download for iOS ( Français ): https://apps.apple.com/ca/app/mamrc/id1591479256?l=fr-CA | Download for Android ( Français ): https://play.google.com/store/apps/details?id=ca.gc.forces.navymarine.myrcn&hl=ln,Télécharger pour iOS (Français): https://apps.apple.com/ca/app/mamrc/id1591479256?l=fr-CA | Télécharger pour Android (Français): https://play.google.com/store/apps/details?id=ca.gc.forces.navymarine.myrcn&hl=ln | Télécharger pour iOS ( English ): https://apps.apple.com/ca/app/myrcn/id1591479256 | Télécharger pour Android ( English ): https://play.google.com/store/apps/details?id=ca.gc.forces.navymarine.myrcn&hl=en_CA,icons/db0c08e0aa85b31f56df.png
